{"cameraMode":{"drawMode":0,"name":"Shaded","section":"Shading Mode"},"sceneLighting":false,"audioPlay":false,"sceneViewState":{"m_AlwaysRefresh":false,"showFog":true,"showSkybox":false,"showFlares":true,"showImageEffects":true,"showParticleSystems":true,"showVisualEffectGraphs":true,"m_FxEnabled":true},"in2DMode":false,"pivot":{"x":21.04378318786621,"y":0.36399441957473757,"z":-0.008758068084716797},"rotation":{"x":0.008770366199314595,"y":0.2245616465806961,"z":-0.0020197376143187286,"w":0.9744259715080261},"size":2.1057302951812746,"orthographic":false}